﻿<?xml version="1.0" encoding="utf-8"?>
<Project ToolsVersion="Current" xmlns="http://schemas.microsoft.com/developer/msbuild/2003">
  <PropertyGroup>
    <IncludeCompositeObjects>True</IncludeCompositeObjects>
    <TargetDatabaseName>Orig3BlogDB</TargetDatabaseName>
    <DeployScriptFileName>ThirdBlogDB.sql</DeployScriptFileName>
    <TargetConnectionString>Data Source=(localdb)\MSSQLLocalDB;Integrated Security=True;Persist Security Info=False;Pooling=False;Multiple Active Result Sets=False;Connect Timeout=60;Encrypt=False;Trust Server Certificate=False;Command Timeout=0</TargetConnectionString>
    <ProfileVersionNumber>1</ProfileVersionNumber>
  </PropertyGroup>
</Project>